{"cameraMode":{"drawMode":0,"name":"Shaded","section":"Shading Mode"},"sceneLighting":true,"audioPlay":false,"sceneViewState":{"m_AlwaysRefresh":false,"showFog":true,"showSkybox":true,"showFlares":true,"showImageEffects":true,"showParticleSystems":true,"showVisualEffectGraphs":true,"m_FxEnabled":true},"in2DMode":false,"pivot":{"x":217.37240600585938,"y":123.31991577148438,"z":238.51390075683595},"rotation":{"x":0.05643586441874504,"y":0.9366620182991028,"z":-0.17798778414726258,"w":0.296505331993103},"size":668.4744873046875,"orthographic":false}